{
  "Weather API - Chennai" : {
    "transaction" : "Weather API - Chennai",
    "sampleCount" : 15,
    "errorCount" : 15,
    "errorPct" : 100.0,
    "meanResTime" : 0.0,
    "medianResTime" : 0.0,
    "minResTime" : 0.0,
    "maxResTime" : 0.0,
    "pct1ResTime" : 0.0,
    "pct2ResTime" : 0.0,
    "pct3ResTime" : 0.0,
    "throughput" : 1.8987341772151898,
    "receivedKBytesPerSec" : 2.3196449762658227,
    "sentKBytesPerSec" : 0.0
  },
  "Weather API - Madurai" : {
    "transaction" : "Weather API - Madurai",
    "sampleCount" : 15,
    "errorCount" : 15,
    "errorPct" : 100.0,
    "meanResTime" : 0.0,
    "medianResTime" : 0.0,
    "minResTime" : 0.0,
    "maxResTime" : 0.0,
    "pct1ResTime" : 0.0,
    "pct2ResTime" : 0.0,
    "pct3ResTime" : 0.0,
    "throughput" : 1.9113149847094801,
    "receivedKBytesPerSec" : 2.335014693233945,
    "sentKBytesPerSec" : 0.0
  },
  "Get Status Checks" : {
    "transaction" : "Get Status Checks",
    "sampleCount" : 50,
    "errorCount" : 0,
    "errorPct" : 0.0,
    "meanResTime" : 157.84,
    "medianResTime" : 8.0,
    "minResTime" : 6.0,
    "maxResTime" : 4323.0,
    "pct1ResTime" : 10.899999999999999,
    "pct2ResTime" : 1546.749999999996,
    "pct3ResTime" : 4323.0,
    "throughput" : 1.3842363168240084,
    "receivedKBytesPerSec" : 12.55434749695468,
    "sentKBytesPerSec" : 0.2081761648348606
  },
  "Total" : {
    "transaction" : "Total",
    "sampleCount" : 180,
    "errorCount" : 30,
    "errorPct" : 16.666666,
    "meanResTime" : 131.7111111111111,
    "medianResTime" : 8.0,
    "minResTime" : 0.0,
    "maxResTime" : 6041.0,
    "pct1ResTime" : 49.0,
    "pct2ResTime" : 773.5999999999999,
    "pct3ResTime" : 4649.419999999996,
    "throughput" : 4.808462894694663,
    "receivedKBytesPerSec" : 13.804086859539456,
    "sentKBytesPerSec" : 0.7123213939867501
  },
  "Backend Root Endpoint" : {
    "transaction" : "Backend Root Endpoint",
    "sampleCount" : 50,
    "errorCount" : 0,
    "errorPct" : 0.0,
    "meanResTime" : 211.57999999999998,
    "medianResTime" : 19.0,
    "minResTime" : 5.0,
    "maxResTime" : 6041.0,
    "pct1ResTime" : 330.09999999999957,
    "pct2ResTime" : 1130.8499999999967,
    "pct3ResTime" : 6041.0,
    "throughput" : 1.3708770871603653,
    "receivedKBytesPerSec" : 0.2998793628163299,
    "sentKBytesPerSec" : 0.19813457900364653
  },
  "Create Status Check" : {
    "transaction" : "Create Status Check",
    "sampleCount" : 50,
    "errorCount" : 0,
    "errorPct" : 0.0,
    "meanResTime" : 104.74000000000001,
    "medianResTime" : 47.5,
    "minResTime" : 6.0,
    "maxResTime" : 1599.0,
    "pct1ResTime" : 50.0,
    "pct2ResTime" : 1118.3999999999985,
    "pct3ResTime" : 1599.0,
    "throughput" : 1.3493819830517624,
    "receivedKBytesPerSec" : 0.42313140113078207,
    "sentKBytesPerSec" : 0.3216642012333351
  }
}