{
  "Backend Root Endpoint Stress" : {
    "transaction" : "Backend Root Endpoint Stress",
    "sampleCount" : 150,
    "errorCount" : 0,
    "errorPct" : 0.0,
    "meanResTime" : 239.44666666666663,
    "medianResTime" : 9.5,
    "minResTime" : 6.0,
    "maxResTime" : 5642.0,
    "pct1ResTime" : 296.0000000000013,
    "pct2ResTime" : 1973.8,
    "pct3ResTime" : 4796.420000000015,
    "throughput" : 2.4679982888545196,
    "receivedKBytesPerSec" : 0.5398746256869262,
    "sentKBytesPerSec" : 0.35670287768600484
  },
  "Total" : {
    "transaction" : "Total",
    "sampleCount" : 150,
    "errorCount" : 0,
    "errorPct" : 0.0,
    "meanResTime" : 239.44666666666663,
    "medianResTime" : 9.5,
    "minResTime" : 6.0,
    "maxResTime" : 5642.0,
    "pct1ResTime" : 296.0000000000013,
    "pct2ResTime" : 1973.8,
    "pct3ResTime" : 4796.420000000015,
    "throughput" : 2.4679982888545196,
    "receivedKBytesPerSec" : 0.5398746256869262,
    "sentKBytesPerSec" : 0.35670287768600484
  }
}